table_name,table_type,creation_time,ddl
bookings,BASE TABLE,2026-02-15 07:14:55.982000 UTC,"CREATE TABLE `victims-of-ink-data-platform.voi_warehouse.bookings`
(
  BOOKING_ID INT64,
  APPOINTMENT_ID INT64,
  LOCATION_ID INT64,
  TEAM_MEMBER_ID INT64,
  CLIENT_ID INT64,
  SERVICE_ID INT64,
  CREATED_BY_TEAM_MEMBER_ID INT64,
  CANCELLED_BY_TEAM_MEMBER_ID INT64,
  SCHEDULED_DATE DATE,
  CREATED_DATE DATETIME,
  SCHEDULED_TIME DATETIME,
  START_TIME TIME,
  END_TIME TIME,
  APPOINTMENT_SLOT STRING,
  DURATION_MINUTES INT64,
  CANCELLED_DATE DATETIME,
  LOCATION STRING,
  TEAM_MEMBER STRING,
  CLIENT STRING,
  CLIENT_GENDER STRING,
  CATEGORY STRING,
  SERVICE STRING,
  SKU STRING,
  CREATED_BY STRING,
  CANCELLED_BY STRING,
  IS_REQUESTED BOOL,
  APPOINTMENT_REF STRING,
  APPOINTMENT_CHANNEL STRING,
  STATUS STRING,
  IS_CANCELLED BOOL,
  IS_NO_SHOW BOOL,
  IS_ONLINE BOOL,
  CANCELLATION_REASON STRING,
  APPOINTMENT_TYPE STRING,
  GROSS_SALE NUMERIC,
  DISCOUNTS NUMERIC,
  NET_SALE NUMERIC,
  FEES_CHARGED NUMERIC,
  UPFRONT_PAYMENTS NUMERIC,
  APPOINTMENTS_REVIEWED INT64,
  AVG_APPOINTMENT_REVIEW_RATING NUMERIC,
  APPOINTMENT_NOTES STRING,
  _loaded_at TIMESTAMP
);"
bookings_stage,BASE TABLE,2026-02-15 07:15:44.486000 UTC,"CREATE TABLE `victims-of-ink-data-platform.voi_warehouse.bookings_stage`
(
  BOOKING_ID INT64,
  APPOINTMENT_ID INT64,
  LOCATION_ID INT64,
  TEAM_MEMBER_ID INT64,
  CLIENT_ID INT64,
  SERVICE_ID INT64,
  CREATED_BY_TEAM_MEMBER_ID INT64,
  CANCELLED_BY_TEAM_MEMBER_ID INT64,
  SCHEDULED_DATE DATE,
  CREATED_DATE DATETIME,
  SCHEDULED_TIME DATETIME,
  START_TIME TIME,
  END_TIME TIME,
  APPOINTMENT_SLOT STRING,
  DURATION_MINUTES INT64,
  CANCELLED_DATE DATETIME,
  LOCATION STRING,
  TEAM_MEMBER STRING,
  CLIENT STRING,
  CLIENT_GENDER STRING,
  CATEGORY STRING,
  SERVICE STRING,
  SKU STRING,
  CREATED_BY STRING,
  CANCELLED_BY STRING,
  IS_REQUESTED BOOL,
  APPOINTMENT_REF STRING,
  APPOINTMENT_CHANNEL STRING,
  STATUS STRING,
  IS_CANCELLED BOOL,
  IS_NO_SHOW BOOL,
  IS_ONLINE BOOL,
  CANCELLATION_REASON STRING,
  APPOINTMENT_TYPE STRING,
  GROSS_SALE NUMERIC,
  DISCOUNTS NUMERIC,
  NET_SALE NUMERIC,
  FEES_CHARGED NUMERIC,
  UPFRONT_PAYMENTS NUMERIC,
  APPOINTMENTS_REVIEWED INT64,
  AVG_APPOINTMENT_REVIEW_RATING NUMERIC,
  APPOINTMENT_NOTES STRING,
  _loaded_at TIMESTAMP
);"
client_notes,BASE TABLE,2026-02-15 22:28:29.575000 UTC,"CREATE TABLE `victims-of-ink-data-platform.voi_warehouse.client_notes`
(
  NOTE_ID INT64,
  CLIENT_ID INT64,
  CREATED_BY_TEAM_MEMBER_ID INT64,
  LAST_EDITED_BY_TEAM_MEMBER_ID INT64,
  BODY STRING,
  CREATED_AT TIMESTAMP,
  LAST_EDITED_AT TIMESTAMP,
  _loaded_at TIMESTAMP
)
PARTITION BY DATE(LAST_EDITED_AT)
CLUSTER BY NOTE_ID, CLIENT_ID, CREATED_BY_TEAM_MEMBER_ID, LAST_EDITED_BY_TEAM_MEMBER_ID;"
client_notes_stage,BASE TABLE,2026-02-15 22:28:29.187000 UTC,"CREATE TABLE `victims-of-ink-data-platform.voi_warehouse.client_notes_stage`
(
  NOTE_ID INT64,
  CLIENT_ID INT64,
  CREATED_BY_TEAM_MEMBER_ID INT64,
  LAST_EDITED_BY_TEAM_MEMBER_ID INT64,
  BODY STRING,
  CREATED_AT TIMESTAMP,
  LAST_EDITED_AT TIMESTAMP
);"
clients,BASE TABLE,2026-02-15 21:32:04.505000 UTC,"CREATE TABLE `victims-of-ink-data-platform.voi_warehouse.clients`
(
  CLIENT_ID INT64,
  SIGNUP_DATE DATE,
  FIRST_APPOINTMENT_DATE DATE,
  LAST_APPOINTMENT_DATE DATE,
  CLIENT STRING,
  GENDER STRING,
  AGE INT64,
  MOBILE_NUMBER STRING,
  EMAIL STRING,
  IS_REBOOKED BOOL,
  REFERRAL_SOURCE STRING,
  LAST_APPOINTMENT_LOCATION STRING,
  LAST_APPOINTMENT_WITH STRING,
  SMS_NOTIFICATIONS_ENABLED BOOL,
  WHATSAPP_NOTIFICATIONS_ENABLED BOOL,
  EMAIL_NOTIFICATIONS_ENABLED BOOL,
  ACCEPTS_SMS_MARKETING_NOTIFICATIONS BOOL,
  ACCEPTS_WHATSAPP_MARKETING_NOTIFICATIONS BOOL,
  ACCEPTS_EMAIL_MARKETING_NOTIFICATIONS BOOL,
  TOTAL_APPOINTMENTS INT64,
  TOTAL_APPOINTMENT_VALUE NUMERIC,
  REVIEWS INT64,
  _loaded_at TIMESTAMP
)
PARTITION BY SIGNUP_DATE
CLUSTER BY CLIENT_ID, EMAIL, MOBILE_NUMBER;"
clients_stage,BASE TABLE,2026-02-15 21:31:48.193000 UTC,"CREATE TABLE `victims-of-ink-data-platform.voi_warehouse.clients_stage`
(
  CLIENT_ID INT64,
  SIGNUP_DATE DATE,
  FIRST_APPOINTMENT_DATE DATE,
  LAST_APPOINTMENT_DATE DATE,
  CLIENT STRING,
  GENDER STRING,
  AGE INT64,
  MOBILE_NUMBER STRING,
  EMAIL STRING,
  IS_REBOOKED BOOL,
  REFERRAL_SOURCE STRING,
  LAST_APPOINTMENT_LOCATION STRING,
  LAST_APPOINTMENT_WITH STRING,
  SMS_NOTIFICATIONS_ENABLED BOOL,
  WHATSAPP_NOTIFICATIONS_ENABLED BOOL,
  EMAIL_NOTIFICATIONS_ENABLED BOOL,
  ACCEPTS_SMS_MARKETING_NOTIFICATIONS BOOL,
  ACCEPTS_WHATSAPP_MARKETING_NOTIFICATIONS BOOL,
  ACCEPTS_EMAIL_MARKETING_NOTIFICATIONS BOOL,
  TOTAL_APPOINTMENTS INT64,
  TOTAL_APPOINTMENT_VALUE NUMERIC,
  REVIEWS INT64,
  _loaded_at TIMESTAMP
);"
commissions,BASE TABLE,2026-02-15 20:56:18.643000 UTC,"CREATE TABLE `victims-of-ink-data-platform.voi_warehouse.commissions`
(
  COMMISSION_ID INT64,
  SALE_ID INT64,
  SALE_ITEM_ID INT64,
  SALE_NUMBER STRING,
  LOCATION_ID INT64,
  TEAM_MEMBER_ID INT64,
  CLIENT_ID INT64,
  SALE_DATE TIMESTAMP,
  CLIENT STRING,
  TEAM_MEMBER STRING,
  LOCATION STRING,
  SALE_ITEM STRING,
  SALE_TYPE STRING,
  SERVICE_CATEGORY STRING,
  SKU STRING,
  GROSS_SALES NUMERIC,
  TAX NUMERIC,
  DISCOUNTS NUMERIC,
  COST NUMERIC,
  COMMISSION_BASE NUMERIC,
  COMMISSION NUMERIC,
  PERCENTAGE_COMMISSION BIGNUMERIC,
  CURRENCY_CODE STRING,
  _loaded_at TIMESTAMP
)
PARTITION BY DATE(SALE_DATE)
CLUSTER BY TEAM_MEMBER_ID, SALE_ID, SALE_ITEM_ID, COMMISSION_ID;"
commissions_stage,BASE TABLE,2026-02-15 20:56:02.291000 UTC,"CREATE TABLE `victims-of-ink-data-platform.voi_warehouse.commissions_stage`
(
  COMMISSION_ID INT64,
  SALE_ID INT64,
  SALE_ITEM_ID INT64,
  SALE_NUMBER STRING,
  LOCATION_ID INT64,
  TEAM_MEMBER_ID INT64,
  CLIENT_ID INT64,
  SALE_DATE TIMESTAMP,
  CLIENT STRING,
  TEAM_MEMBER STRING,
  LOCATION STRING,
  SALE_ITEM STRING,
  SALE_TYPE STRING,
  SERVICE_CATEGORY STRING,
  SKU STRING,
  GROSS_SALES NUMERIC,
  TAX NUMERIC,
  DISCOUNTS NUMERIC,
  COST NUMERIC,
  COMMISSION_BASE NUMERIC,
  COMMISSION NUMERIC,
  PERCENTAGE_COMMISSION BIGNUMERIC,
  CURRENCY_CODE STRING,
  _loaded_at TIMESTAMP
);"
deposits,BASE TABLE,2026-02-15 22:11:04.842000 UTC,"CREATE TABLE `victims-of-ink-data-platform.voi_warehouse.deposits`
(
  DEPOSIT_ID STRING,
  LOCATION_ID INT64,
  TEAM_MEMBER_ID INT64,
  CLIENT_ID INT64,
  APPOINTMENT_ID INT64,
  COLLECTION_DATE TIMESTAMP,
  REFUND_DATE TIMESTAMP,
  REDEMPTION_DATE TIMESTAMP,
  APPOINTMENT_REF STRING,
  LOCATION STRING,
  TEAM_MEMBER STRING,
  CLIENT STRING,
  STATUS STRING,
  COLLECTIONS NUMERIC,
  REDEMPTIONS NUMERIC,
  REFUNDS NUMERIC,
  CLOSING_BALANCE NUMERIC,
  CURRENCY_CODE STRING,
  _loaded_at TIMESTAMP
)
PARTITION BY DATE(COLLECTION_DATE)
CLUSTER BY DEPOSIT_ID, CLIENT_ID, TEAM_MEMBER_ID, LOCATION_ID;"
deposits_stage,BASE TABLE,2026-02-15 22:11:43.268000 UTC,"CREATE TABLE `victims-of-ink-data-platform.voi_warehouse.deposits_stage`
(
  DEPOSIT_ID STRING,
  LOCATION_ID INT64,
  TEAM_MEMBER_ID INT64,
  CLIENT_ID INT64,
  APPOINTMENT_ID INT64,
  COLLECTION_DATE TIMESTAMP,
  REFUND_DATE TIMESTAMP,
  REDEMPTION_DATE TIMESTAMP,
  APPOINTMENT_REF STRING,
  LOCATION STRING,
  TEAM_MEMBER STRING,
  CLIENT STRING,
  STATUS STRING,
  COLLECTIONS NUMERIC,
  REDEMPTIONS NUMERIC,
  REFUNDS NUMERIC,
  CLOSING_BALANCE NUMERIC,
  CURRENCY_CODE STRING
);"
gift_cards,BASE TABLE,2026-02-15 22:28:30.372000 UTC,"CREATE TABLE `victims-of-ink-data-platform.voi_warehouse.gift_cards`
(
  GIFT_CARD_ID NUMERIC,
  SALE_ID INT64,
  SALE_ITEM_ID INT64,
  SALE_NUMBER STRING,
  LOCATION_ID INT64,
  TEAM_MEMBER_ID INT64,
  CLIENT_ID INT64,
  ISSUE_DATE DATE,
  EXPIRY_DATE DATE,
  REDEMPTION_DATE TIMESTAMP,
  CODE STRING,
  LOCATION STRING,
  TEAM_MEMBER STRING,
  PURCHASED_BY STRING,
  STATUS STRING,
  ISSUED_VALUE NUMERIC,
  TOTAL_SALES NUMERIC,
  DISCOUNT_VALUE NUMERIC,
  EXPIRED_VALUE NUMERIC,
  BALANCE NUMERIC,
  REDEEMED_VALUE NUMERIC,
  _loaded_at TIMESTAMP
)
PARTITION BY ISSUE_DATE
CLUSTER BY GIFT_CARD_ID, LOCATION_ID, TEAM_MEMBER_ID, CLIENT_ID;"
gift_cards_stage,BASE TABLE,2026-02-15 22:28:29.974000 UTC,"CREATE TABLE `victims-of-ink-data-platform.voi_warehouse.gift_cards_stage`
(
  GIFT_CARD_ID NUMERIC,
  SALE_ID INT64,
  SALE_ITEM_ID INT64,
  SALE_NUMBER STRING,
  LOCATION_ID INT64,
  TEAM_MEMBER_ID INT64,
  CLIENT_ID INT64,
  ISSUE_DATE DATE,
  EXPIRY_DATE DATE,
  REDEMPTION_DATE TIMESTAMP,
  CODE STRING,
  LOCATION STRING,
  TEAM_MEMBER STRING,
  PURCHASED_BY STRING,
  STATUS STRING,
  ISSUED_VALUE NUMERIC,
  TOTAL_SALES NUMERIC,
  DISCOUNT_VALUE NUMERIC,
  EXPIRED_VALUE NUMERIC,
  BALANCE NUMERIC,
  REDEEMED_VALUE NUMERIC
);"
leads_inbox,BASE TABLE,2026-02-14 22:54:40.546000 UTC,"CREATE TABLE `victims-of-ink-data-platform.voi_warehouse.leads_inbox`
(
  first_name STRING,
  last_name STRING,
  email STRING NOT NULL,
  mobile_number STRING,
  lead_source STRING,
  how_heard STRING,
  preferred_artist STRING,
  image_url STRING,
  inquiry_message STRING,
  gclid STRING,
  created_at TIMESTAMP DEFAULT CURRENT_TIMESTAMP
);"
locations,BASE TABLE,2026-02-15 22:28:31.043000 UTC,"CREATE TABLE `victims-of-ink-data-platform.voi_warehouse.locations`
(
  LOCATION_ID INT64,
  NAME STRING,
  PHONE STRING,
  EMAIL STRING,
  DELETED_AT TIMESTAMP,
  _loaded_at TIMESTAMP
)
CLUSTER BY LOCATION_ID;"
locations_stage,BASE TABLE,2026-02-15 22:28:30.746000 UTC,"CREATE TABLE `victims-of-ink-data-platform.voi_warehouse.locations_stage`
(
  LOCATION_ID INT64,
  NAME STRING,
  PHONE STRING,
  EMAIL STRING,
  DELETED_AT TIMESTAMP
);"
memberships,BASE TABLE,2026-02-15 22:28:31.869000 UTC,"CREATE TABLE `victims-of-ink-data-platform.voi_warehouse.memberships`
(
  MEMBERSHIP_PK STRING,
  MEMBERSHIP_ID INT64,
  LOCATION_ID INT64,
  TEAM_MEMBER_ID INT64,
  CLIENT_ID INT64,
  START_DATE DATE,
  END_DATE DATE,
  LOCATION STRING,
  TEAM_MEMBER STRING,
  CLIENT STRING,
  MEMBERSHIP_TYPE STRING,
  MEMBERSHIP_NAME STRING,
  MEMBERSHIP_STATUS STRING,
  SERVICES_INCLUDED INT64,
  TOTAL_SESSIONS INT64,
  SALE_VALUE NUMERIC,
  _loaded_at TIMESTAMP
)
PARTITION BY START_DATE
CLUSTER BY MEMBERSHIP_PK, LOCATION_ID, TEAM_MEMBER_ID, CLIENT_ID;"
memberships_stage,BASE TABLE,2026-02-15 22:28:31.421000 UTC,"CREATE TABLE `victims-of-ink-data-platform.voi_warehouse.memberships_stage`
(
  MEMBERSHIP_PK STRING,
  MEMBERSHIP_ID INT64,
  LOCATION_ID INT64,
  TEAM_MEMBER_ID INT64,
  CLIENT_ID INT64,
  START_DATE DATE,
  END_DATE DATE,
  LOCATION STRING,
  TEAM_MEMBER STRING,
  CLIENT STRING,
  MEMBERSHIP_TYPE STRING,
  MEMBERSHIP_NAME STRING,
  MEMBERSHIP_STATUS STRING,
  SERVICES_INCLUDED INT64,
  TOTAL_SESSIONS INT64,
  SALE_VALUE NUMERIC
);"
occupancy,BASE TABLE,2026-02-15 22:28:32.548000 UTC,"CREATE TABLE `victims-of-ink-data-platform.voi_warehouse.occupancy`
(
  OCCUPANCY_EMPLOYEE_PK STRING,
  LOCATION_ID INT64,
  TEAM_MEMBER_ID INT64,
  DATE DATE,
  LOCATION STRING,
  TEAM_MEMBER STRING,
  SHIFT_MINUTES NUMERIC,
  TIME_OFF_MINUTES INT64,
  BLOCKED_MINUTES INT64,
  AVAILABLE_MINUTES NUMERIC,
  BOOKED_MINUTES INT64,
  UNBOOKED_MINUTES NUMERIC,
  OCCUPANCY_RATE NUMERIC,
  _loaded_at TIMESTAMP
)
PARTITION BY DATE
CLUSTER BY OCCUPANCY_EMPLOYEE_PK, LOCATION_ID, TEAM_MEMBER_ID;"
occupancy_stage,BASE TABLE,2026-02-15 22:28:32.153000 UTC,"CREATE TABLE `victims-of-ink-data-platform.voi_warehouse.occupancy_stage`
(
  OCCUPANCY_EMPLOYEE_PK STRING,
  LOCATION_ID INT64,
  TEAM_MEMBER_ID INT64,
  DATE DATE,
  LOCATION STRING,
  TEAM_MEMBER STRING,
  SHIFT_MINUTES NUMERIC,
  TIME_OFF_MINUTES INT64,
  BLOCKED_MINUTES INT64,
  AVAILABLE_MINUTES NUMERIC,
  BOOKED_MINUTES INT64,
  UNBOOKED_MINUTES NUMERIC,
  OCCUPANCY_RATE NUMERIC
);"
payments,BASE TABLE,2026-02-15 19:34:30.592000 UTC,"CREATE TABLE `victims-of-ink-data-platform.voi_warehouse.payments`
(
  SALE_NUMBER STRING,
  PAYMENT_NO INT64,
  APPOINTMENT_REF STRING,
  SALE_ID INT64,
  APPOINTMENT_ID INT64,
  LOCATION_ID INT64,
  TEAM_MEMBER_ID INT64,
  CLIENT_ID INT64,
  PAYMENT_DATE TIMESTAMP,
  SALE_DATE TIMESTAMP,
  LOCATION STRING,
  TEAM_MEMBER STRING,
  CLIENT STRING,
  GIFT_CARD_CODE STRING,
  TRANSACTION_TYPE STRING,
  IS_DEPOSIT_REDEMPTION BOOL,
  IS_GIFT_CARD_REDEMPTION BOOL,
  PAYMENT_METHOD STRING,
  CURRENCY_CODE STRING,
  AMOUNT NUMERIC,
  REFUND_AMOUNT NUMERIC,
  PAYMENT_AMOUNT NUMERIC,
  CHANGE_AMOUNT NUMERIC,
  _loaded_at TIMESTAMP
)
PARTITION BY DATE(PAYMENT_DATE)
CLUSTER BY PAYMENT_NO, SALE_ID, APPOINTMENT_ID;"
payments_stage,BASE TABLE,2026-02-15 19:34:03.565000 UTC,"CREATE TABLE `victims-of-ink-data-platform.voi_warehouse.payments_stage`
(
  SALE_NUMBER STRING,
  PAYMENT_NO INT64,
  APPOINTMENT_REF STRING,
  SALE_ID INT64,
  APPOINTMENT_ID INT64,
  LOCATION_ID INT64,
  TEAM_MEMBER_ID INT64,
  CLIENT_ID INT64,
  PAYMENT_DATE TIMESTAMP,
  SALE_DATE TIMESTAMP,
  LOCATION STRING,
  TEAM_MEMBER STRING,
  CLIENT STRING,
  GIFT_CARD_CODE STRING,
  TRANSACTION_TYPE STRING,
  IS_DEPOSIT_REDEMPTION BOOL,
  IS_GIFT_CARD_REDEMPTION BOOL,
  PAYMENT_METHOD STRING,
  CURRENCY_CODE STRING,
  AMOUNT NUMERIC,
  REFUND_AMOUNT NUMERIC,
  PAYMENT_AMOUNT NUMERIC,
  CHANGE_AMOUNT NUMERIC,
  _loaded_at TIMESTAMP
);"
products,BASE TABLE,2026-02-15 22:28:33.280000 UTC,"CREATE TABLE `victims-of-ink-data-platform.voi_warehouse.products`
(
  PRODUCT_ID INT64,
  SUPPLIER_NAME STRING,
  BRAND_NAME STRING,
  PRODUCT_NAME STRING,
  CATEGORY_NAME STRING,
  SKU STRING,
  BARCODE STRING,
  HAS_DESCRIPTION BOOL,
  HAS_IMAGE BOOL,
  HAS_UNLIMITED_STOCK BOOL,
  UNITS NUMERIC,
  UNIT_OF_MEASURE STRING,
  COST_PRICE NUMERIC,
  RETAIL_PRICE NUMERIC,
  _loaded_at TIMESTAMP
)
CLUSTER BY PRODUCT_ID;"
products_stage,BASE TABLE,2026-02-15 22:28:32.992000 UTC,"CREATE TABLE `victims-of-ink-data-platform.voi_warehouse.products_stage`
(
  PRODUCT_ID INT64,
  SUPPLIER_NAME STRING,
  BRAND_NAME STRING,
  PRODUCT_NAME STRING,
  CATEGORY_NAME STRING,
  SKU STRING,
  BARCODE STRING,
  HAS_DESCRIPTION BOOL,
  HAS_IMAGE BOOL,
  HAS_UNLIMITED_STOCK BOOL,
  UNITS NUMERIC,
  UNIT_OF_MEASURE STRING,
  COST_PRICE NUMERIC,
  RETAIL_PRICE NUMERIC
);"
sale_items,BASE TABLE,2026-02-15 20:10:56.500000 UTC,"CREATE TABLE `victims-of-ink-data-platform.voi_warehouse.sale_items`
(
  SALE_ITEM_ID INT64,
  SALE_ID INT64,
  BOOKING_ID INT64,
  LOCATION_ID INT64,
  MERCHANT_ID INT64,
  TEAM_MEMBER_ID INT64,
  CLIENT_ID INT64,
  SALE_DATE TIMESTAMP,
  SALE_NUMBER STRING,
  SALE_STATUS STRING,
  LOCATION STRING,
  TEAM_MEMBER STRING,
  MERCHANT STRING,
  CLIENT STRING,
  CLIENT_GENDER STRING,
  CLIENT_SOURCE STRING,
  CLIENT_RETENTION_SOURCE STRING,
  CLIENT_MOBILE STRING,
  DISCOUNT_CATEGORY STRING,
  DISCOUNT_TYPE STRING,
  DISCOUNT_NAME STRING,
  APPOINTMENT_CHANNEL STRING,
  APPOINTMENT_REF STRING,
  TRANSACTION_TYPE STRING,
  PAYMENT_METHOD STRING,
  SALE_TYPE STRING,
  CATEGORY STRING,
  ITEM STRING,
  SUPPLIER STRING,
  BRAND STRING,
  SKU STRING,
  BARCODE STRING,
  IS_UPSELL BOOL,
  CURRENCY_CODE STRING,
  QUANTITY INT64,
  GROSS_SALES NUMERIC,
  DISCOUNTS NUMERIC,
  CART_DISCOUNTS NUMERIC,
  ITEM_DISCOUNTS NUMERIC,
  REFUNDS NUMERIC,
  NET_SALES NUMERIC,
  TAXES_ON_NET_SALES NUMERIC,
  TOTAL_SALES NUMERIC,
  COST NUMERIC,
  _loaded_at TIMESTAMP
)
PARTITION BY DATE(SALE_DATE)
CLUSTER BY SALE_ITEM_ID, SALE_ID, BOOKING_ID, TEAM_MEMBER_ID;"
sale_items_stage,BASE TABLE,2026-02-15 20:10:41.369000 UTC,"CREATE TABLE `victims-of-ink-data-platform.voi_warehouse.sale_items_stage`
(
  SALE_ITEM_ID INT64,
  SALE_ID INT64,
  BOOKING_ID INT64,
  LOCATION_ID INT64,
  MERCHANT_ID INT64,
  TEAM_MEMBER_ID INT64,
  CLIENT_ID INT64,
  SALE_DATE TIMESTAMP,
  SALE_NUMBER STRING,
  SALE_STATUS STRING,
  LOCATION STRING,
  TEAM_MEMBER STRING,
  MERCHANT STRING,
  CLIENT STRING,
  CLIENT_GENDER STRING,
  CLIENT_SOURCE STRING,
  CLIENT_RETENTION_SOURCE STRING,
  CLIENT_MOBILE STRING,
  DISCOUNT_CATEGORY STRING,
  DISCOUNT_TYPE STRING,
  DISCOUNT_NAME STRING,
  APPOINTMENT_CHANNEL STRING,
  APPOINTMENT_REF STRING,
  TRANSACTION_TYPE STRING,
  PAYMENT_METHOD STRING,
  SALE_TYPE STRING,
  CATEGORY STRING,
  ITEM STRING,
  SUPPLIER STRING,
  BRAND STRING,
  SKU STRING,
  BARCODE STRING,
  IS_UPSELL BOOL,
  CURRENCY_CODE STRING,
  QUANTITY INT64,
  GROSS_SALES NUMERIC,
  DISCOUNTS NUMERIC,
  CART_DISCOUNTS NUMERIC,
  ITEM_DISCOUNTS NUMERIC,
  REFUNDS NUMERIC,
  NET_SALES NUMERIC,
  TAXES_ON_NET_SALES NUMERIC,
  TOTAL_SALES NUMERIC,
  COST NUMERIC,
  _loaded_at TIMESTAMP
);"
sales,BASE TABLE,2026-02-15 19:53:03.091000 UTC,"CREATE TABLE `victims-of-ink-data-platform.voi_warehouse.sales`
(
  SALE_ID INT64,
  SALE_NUMBER STRING,
  LOCATION_ID INT64,
  TEAM_MEMBER_ID INT64,
  CLIENT_ID INT64,
  APPOINTMENT_ID INT64,
  SALE_DATE TIMESTAMP,
  LOCATION STRING,
  CLIENT STRING,
  CLIENT_GENDER STRING,
  TEAM_MEMBER STRING,
  STATUS STRING,
  APPOINTMENT_CHANNEL STRING,
  PAYMENT_METHOD STRING,
  TRANSACTION_TYPE STRING,
  PAYMENT_STATUS STRING,
  SERVICE_CHARGE STRING,
  CLIENT_SOURCE STRING,
  CLIENT_RETENTION_SOURCE STRING,
  ITEMS_SOLD INT64,
  TOTAL_SALES NUMERIC,
  GROSS_SALES NUMERIC,
  NET_SALES NUMERIC,
  TOTAL_REFUNDS NUMERIC,
  TOTAL_DISCOUNTS NUMERIC,
  TOTAL_TIPS NUMERIC,
  TOTAL_PAYMENTS NUMERIC,
  TOTAL_TAXES NUMERIC,
  TOTAL_SERVICE_CHARGES NUMERIC,
  TOTAL_GIFT_CARDS NUMERIC,
  TOTAL_CHANGE_AMOUNT NUMERIC,
  AMOUNT_DUE NUMERIC,
  TOTAL_PAYMENTS_AND_REDEMPTIONS NUMERIC,
  TOTAL_GIFT_CARD_REDEMPTIONS NUMERIC,
  TOTAL_SERVICE_CHARGE_TAXES NUMERIC,
  GIFT_CARD_TAXES NUMERIC,
  CURRENCY_CODE STRING,
  _loaded_at TIMESTAMP
)
PARTITION BY DATE(SALE_DATE)
CLUSTER BY SALE_ID, APPOINTMENT_ID, CLIENT_ID;"
sales_stage,BASE TABLE,2026-02-15 19:52:44.652000 UTC,"CREATE TABLE `victims-of-ink-data-platform.voi_warehouse.sales_stage`
(
  SALE_ID INT64,
  SALE_NUMBER STRING,
  LOCATION_ID INT64,
  TEAM_MEMBER_ID INT64,
  CLIENT_ID INT64,
  APPOINTMENT_ID INT64,
  SALE_DATE TIMESTAMP,
  LOCATION STRING,
  CLIENT STRING,
  CLIENT_GENDER STRING,
  TEAM_MEMBER STRING,
  STATUS STRING,
  APPOINTMENT_CHANNEL STRING,
  PAYMENT_METHOD STRING,
  TRANSACTION_TYPE STRING,
  PAYMENT_STATUS STRING,
  SERVICE_CHARGE STRING,
  CLIENT_SOURCE STRING,
  CLIENT_RETENTION_SOURCE STRING,
  ITEMS_SOLD INT64,
  TOTAL_SALES NUMERIC,
  GROSS_SALES NUMERIC,
  NET_SALES NUMERIC,
  TOTAL_REFUNDS NUMERIC,
  TOTAL_DISCOUNTS NUMERIC,
  TOTAL_TIPS NUMERIC,
  TOTAL_PAYMENTS NUMERIC,
  TOTAL_TAXES NUMERIC,
  TOTAL_SERVICE_CHARGES NUMERIC,
  TOTAL_GIFT_CARDS NUMERIC,
  TOTAL_CHANGE_AMOUNT NUMERIC,
  AMOUNT_DUE NUMERIC,
  TOTAL_PAYMENTS_AND_REDEMPTIONS NUMERIC,
  TOTAL_GIFT_CARD_REDEMPTIONS NUMERIC,
  TOTAL_SERVICE_CHARGE_TAXES NUMERIC,
  GIFT_CARD_TAXES NUMERIC,
  CURRENCY_CODE STRING,
  _loaded_at TIMESTAMP
);"
scheduled_shifts,BASE TABLE,2026-02-15 22:28:34.050000 UTC,"CREATE TABLE `victims-of-ink-data-platform.voi_warehouse.scheduled_shifts`
(
  SHIFT_ID STRING,
  CALENDAR_DATE DATE,
  LOCATION_ID INT64,
  TEAM_MEMBER_ID INT64,
  TEAM_MEMBER STRING,
  LOCATION STRING,
  SCHEDULED_START_TIMESTAMP TIMESTAMP,
  SCHEDULED_END_TIMESTAMP TIMESTAMP,
  MINUTES_SCHEDULED NUMERIC,
  HOURS_SCHEDULED NUMERIC,
  _loaded_at TIMESTAMP
)
PARTITION BY CALENDAR_DATE
CLUSTER BY SHIFT_ID, LOCATION_ID, TEAM_MEMBER_ID;"
scheduled_shifts_stage,BASE TABLE,2026-02-15 22:28:33.773000 UTC,"CREATE TABLE `victims-of-ink-data-platform.voi_warehouse.scheduled_shifts_stage`
(
  SHIFT_ID STRING,
  CALENDAR_DATE DATE,
  LOCATION_ID INT64,
  TEAM_MEMBER_ID INT64,
  TEAM_MEMBER STRING,
  LOCATION STRING,
  SCHEDULED_START_TIMESTAMP TIMESTAMP,
  SCHEDULED_END_TIMESTAMP TIMESTAMP,
  MINUTES_SCHEDULED NUMERIC,
  HOURS_SCHEDULED NUMERIC
);"
services,BASE TABLE,2026-02-15 22:28:34.889000 UTC,"CREATE TABLE `victims-of-ink-data-platform.voi_warehouse.services`
(
  SERVICE_ID INT64,
  NAME STRING,
  DESCRIPTION STRING,
  DELETED_AT TIMESTAMP,
  _loaded_at TIMESTAMP
)
CLUSTER BY SERVICE_ID;"
services_stage,BASE TABLE,2026-02-15 22:28:34.513000 UTC,"CREATE TABLE `victims-of-ink-data-platform.voi_warehouse.services_stage`
(
  SERVICE_ID INT64,
  NAME STRING,
  DESCRIPTION STRING,
  DELETED_AT TIMESTAMP
);"
stock_movements,BASE TABLE,2026-02-15 22:28:36.278000 UTC,"CREATE TABLE `victims-of-ink-data-platform.voi_warehouse.stock_movements`
(
  STOCK_MOVEMENT_ID INT64,
  LOCATION_ID INT64,
  SALE_ID INT64,
  SALE_DATE TIMESTAMP,
  LOCATION STRING,
  SUPPLIER STRING,
  BRAND STRING,
  CATEGORY STRING,
  PRODUCT STRING,
  PRIMARY_SKU STRING,
  BARCODE STRING,
  IS_UNLIMITED BOOL,
  ADJUSTMENT_REASON STRING,
  ADJUSTMENT_REF STRING,
  QUANTITY INT64,
  UNIT_COST NUMERIC,
  COST NUMERIC,
  RETAIL_PRICE NUMERIC,
  _loaded_at TIMESTAMP
)
PARTITION BY DATE(SALE_DATE)
CLUSTER BY STOCK_MOVEMENT_ID, LOCATION_ID, SALE_ID, ADJUSTMENT_REF;"
stock_movements_stage,BASE TABLE,2026-02-15 22:28:35.916000 UTC,"CREATE TABLE `victims-of-ink-data-platform.voi_warehouse.stock_movements_stage`
(
  STOCK_MOVEMENT_ID INT64,
  LOCATION_ID INT64,
  SALE_ID INT64,
  SALE_DATE TIMESTAMP,
  LOCATION STRING,
  SUPPLIER STRING,
  BRAND STRING,
  CATEGORY STRING,
  PRODUCT STRING,
  PRIMARY_SKU STRING,
  BARCODE STRING,
  IS_UNLIMITED BOOL,
  ADJUSTMENT_REASON STRING,
  ADJUSTMENT_REF STRING,
  QUANTITY INT64,
  UNIT_COST NUMERIC,
  COST NUMERIC,
  RETAIL_PRICE NUMERIC
);"
stock_orders,BASE TABLE,2026-02-15 22:28:37.107000 UTC,"CREATE TABLE `victims-of-ink-data-platform.voi_warehouse.stock_orders`
(
  ORDER_ITEM_ID INT64,
  ORDER_ID INT64,
  LOCATION_ID INT64,
  ORDERED_BY_TEAM_MEMBER_ID INT64,
  PRODUCT_ID INT64,
  ORDERED_AT TIMESTAMP,
  EXPECTED_AT DATE,
  RECEIVED_AT TIMESTAMP,
  LOCATION STRING,
  TEAM_MEMBER STRING,
  SUPPLIER_NAME STRING,
  BRAND_NAME STRING,
  PRODUCT_NAME STRING,
  CATEGORY_NAME STRING,
  REFERENCE_NUMBER STRING,
  ORDER_STATUS STRING,
  ORDERED_QUANTITY INT64,
  RECEIVED_QUANTITY INT64,
  CANCELLED_QUANTITY INT64,
  PENDING_QUANTITY INT64,
  AVERAGE_UNIT_COST NUMERIC,
  TOTAL_COST NUMERIC,
  _loaded_at TIMESTAMP
)
PARTITION BY DATE(ORDERED_AT)
CLUSTER BY ORDER_ITEM_ID, LOCATION_ID, PRODUCT_ID, ORDER_ID;"
stock_orders_stage,BASE TABLE,2026-02-15 22:28:36.735000 UTC,"CREATE TABLE `victims-of-ink-data-platform.voi_warehouse.stock_orders_stage`
(
  ORDER_ITEM_ID INT64,
  ORDER_ID INT64,
  LOCATION_ID INT64,
  ORDERED_BY_TEAM_MEMBER_ID INT64,
  PRODUCT_ID INT64,
  ORDERED_AT TIMESTAMP,
  EXPECTED_AT DATE,
  RECEIVED_AT TIMESTAMP,
  LOCATION STRING,
  TEAM_MEMBER STRING,
  SUPPLIER_NAME STRING,
  BRAND_NAME STRING,
  PRODUCT_NAME STRING,
  CATEGORY_NAME STRING,
  REFERENCE_NUMBER STRING,
  ORDER_STATUS STRING,
  ORDERED_QUANTITY INT64,
  RECEIVED_QUANTITY INT64,
  CANCELLED_QUANTITY INT64,
  PENDING_QUANTITY INT64,
  AVERAGE_UNIT_COST NUMERIC,
  TOTAL_COST NUMERIC
);"
taxes,BASE TABLE,2026-02-15 22:28:37.852000 UTC,"CREATE TABLE `victims-of-ink-data-platform.voi_warehouse.taxes`
(
  SALE_ITEM_TAX_ID INT64,
  SALE_ID INT64,
  SALE_ITEM_ID INT64,
  LOCATION_ID INT64,
  TEAM_MEMBER_ID INT64,
  CLIENT_ID INT64,
  SALE_DATE TIMESTAMP,
  LOCATION STRING,
  TEAM_MEMBER STRING,
  CLIENT STRING,
  APPOINTMENT_CHANNEL STRING,
  APPOINTMENT_REF STRING,
  SALE_NUMBER STRING,
  SALE_STATUS STRING,
  TRANSACTION_TYPE STRING,
  PAYMENT_METHOD STRING,
  SALE_TYPE STRING,
  SUPPLIER STRING,
  BRAND STRING,
  CATEGORY STRING,
  ITEM STRING,
  SKU STRING,
  BARCODE STRING,
  TAX_NAME STRING,
  CURRENCY_CODE STRING,
  COST NUMERIC,
  NET_SALES NUMERIC,
  TAX_RATE NUMERIC,
  ITEMS_SOLD INT64,
  TAX_ON_NET_SALES NUMERIC,
  _loaded_at TIMESTAMP
)
PARTITION BY DATE(SALE_DATE)
CLUSTER BY SALE_ITEM_TAX_ID, LOCATION_ID, TEAM_MEMBER_ID, CLIENT_ID;"
taxes_stage,BASE TABLE,2026-02-15 22:28:37.383000 UTC,"CREATE TABLE `victims-of-ink-data-platform.voi_warehouse.taxes_stage`
(
  SALE_ITEM_TAX_ID INT64,
  SALE_ID INT64,
  SALE_ITEM_ID INT64,
  LOCATION_ID INT64,
  TEAM_MEMBER_ID INT64,
  CLIENT_ID INT64,
  SALE_DATE TIMESTAMP,
  LOCATION STRING,
  TEAM_MEMBER STRING,
  CLIENT STRING,
  APPOINTMENT_CHANNEL STRING,
  APPOINTMENT_REF STRING,
  SALE_NUMBER STRING,
  SALE_STATUS STRING,
  TRANSACTION_TYPE STRING,
  PAYMENT_METHOD STRING,
  SALE_TYPE STRING,
  SUPPLIER STRING,
  BRAND STRING,
  CATEGORY STRING,
  ITEM STRING,
  SKU STRING,
  BARCODE STRING,
  TAX_NAME STRING,
  CURRENCY_CODE STRING,
  COST NUMERIC,
  NET_SALES NUMERIC,
  TAX_RATE NUMERIC,
  ITEMS_SOLD INT64,
  TAX_ON_NET_SALES NUMERIC
);"
team_members,BASE TABLE,2026-02-15 22:15:11.378000 UTC,"CREATE TABLE `victims-of-ink-data-platform.voi_warehouse.team_members`
(
  TEAM_MEMBER_ID INT64,
  FIRST_NAME STRING,
  LAST_NAME STRING,
  FULL_NAME STRING,
  MOBILE_NUMBER STRING,
  EMAIL STRING,
  ROLE STRING,
  STAFF_TITLE STRING,
  EXTERNAL_ID STRING,
  EMPLOYMENT_START_DATE DATE,
  EMPLOYMENT_END_DATE DATE,
  DELETED_AT TIMESTAMP,
  _loaded_at TIMESTAMP
)
PARTITION BY EMPLOYMENT_START_DATE
CLUSTER BY TEAM_MEMBER_ID, EXTERNAL_ID, EMAIL;"
team_members_stage,BASE TABLE,2026-02-15 22:15:10.872000 UTC,"CREATE TABLE `victims-of-ink-data-platform.voi_warehouse.team_members_stage`
(
  TEAM_MEMBER_ID INT64,
  FIRST_NAME STRING,
  LAST_NAME STRING,
  FULL_NAME STRING,
  MOBILE_NUMBER STRING,
  EMAIL STRING,
  ROLE STRING,
  STAFF_TITLE STRING,
  EXTERNAL_ID STRING,
  EMPLOYMENT_START_DATE DATE,
  EMPLOYMENT_END_DATE DATE,
  DELETED_AT TIMESTAMP
);"
time_off,BASE TABLE,2026-02-15 22:28:39.361000 UTC,"CREATE TABLE `victims-of-ink-data-platform.voi_warehouse.time_off`
(
  TIME_OFF_PK STRING,
  TIME_OFF_ID STRING,
  LOCATION_ID INT64,
  TEAM_MEMBER_ID INT64,
  START_DATE DATE,
  START_TIME TIME,
  END_DATE DATE,
  END_TIME TIME,
  LOCATION STRING,
  TEAM_MEMBER STRING,
  TIME_OFF_TYPE STRING,
  STATUS STRING,
  DURATION_MINUTES INT64,
  DURATION_HOURS STRING,
  _loaded_at TIMESTAMP
)
PARTITION BY START_DATE
CLUSTER BY TIME_OFF_PK, LOCATION_ID, TEAM_MEMBER_ID, TIME_OFF_ID;"
time_off_stage,BASE TABLE,2026-02-15 22:28:38.985000 UTC,"CREATE TABLE `victims-of-ink-data-platform.voi_warehouse.time_off_stage`
(
  TIME_OFF_PK STRING,
  TIME_OFF_ID STRING,
  LOCATION_ID INT64,
  TEAM_MEMBER_ID INT64,
  START_DATE DATE,
  START_TIME TIME,
  END_DATE DATE,
  END_TIME TIME,
  LOCATION STRING,
  TEAM_MEMBER STRING,
  TIME_OFF_TYPE STRING,
  STATUS STRING,
  DURATION_MINUTES INT64,
  DURATION_HOURS STRING
);"
timesheets,BASE TABLE,2026-02-15 22:28:38.611000 UTC,"CREATE TABLE `victims-of-ink-data-platform.voi_warehouse.timesheets`
(
  TIMESHEET_ID STRING,
  LOCATION_ID INT64,
  TEAM_MEMBER_ID INT64,
  EXPECTED_START TIMESTAMP,
  ACTUAL_START TIMESTAMP,
  EXPECTED_END TIMESTAMP,
  ACTUAL_END TIMESTAMP,
  LOCATION STRING,
  TEAM_MEMBER STRING,
  SOURCE STRING,
  CLOCK_IN TIME,
  CLOCK_IN_TYPE STRING,
  CLOCK_IN_DEVIATION STRING,
  CLOCK_OUT TIME,
  CLOCK_OUT_TYPE STRING,
  CLOCK_OUT_DEVIATION STRING,
  PAID_BREAK_HOURS NUMERIC,
  PAID_BREAK_MINUTES INT64,
  UNPAID_BREAK_HOURS NUMERIC,
  UNPAID_BREAK_MINUTES INT64,
  HOURS_WORKED NUMERIC,
  HOURS_SCHEDULED NUMERIC,
  HOURS_TOTAL_PAID NUMERIC,
  _loaded_at TIMESTAMP
)
PARTITION BY DATE(EXPECTED_START)
CLUSTER BY TIMESHEET_ID, LOCATION_ID, TEAM_MEMBER_ID;"
timesheets_stage,BASE TABLE,2026-02-15 22:28:38.235000 UTC,"CREATE TABLE `victims-of-ink-data-platform.voi_warehouse.timesheets_stage`
(
  TIMESHEET_ID STRING,
  LOCATION_ID INT64,
  TEAM_MEMBER_ID INT64,
  EXPECTED_START TIMESTAMP,
  ACTUAL_START TIMESTAMP,
  EXPECTED_END TIMESTAMP,
  ACTUAL_END TIMESTAMP,
  LOCATION STRING,
  TEAM_MEMBER STRING,
  SOURCE STRING,
  CLOCK_IN TIME,
  CLOCK_IN_TYPE STRING,
  CLOCK_IN_DEVIATION STRING,
  CLOCK_OUT TIME,
  CLOCK_OUT_TYPE STRING,
  CLOCK_OUT_DEVIATION STRING,
  PAID_BREAK_HOURS NUMERIC,
  PAID_BREAK_MINUTES INT64,
  UNPAID_BREAK_HOURS NUMERIC,
  UNPAID_BREAK_MINUTES INT64,
  HOURS_WORKED NUMERIC,
  HOURS_SCHEDULED NUMERIC,
  HOURS_TOTAL_PAID NUMERIC
);"
tips,BASE TABLE,2026-02-15 22:28:40.074000 UTC,"CREATE TABLE `victims-of-ink-data-platform.voi_warehouse.tips`
(
  TIP_ID INT64,
  SALE_ID INT64,
  SALE_NUMBER STRING,
  LOCATION_ID INT64,
  TEAM_MEMBER_ID INT64,
  CLIENT_ID INT64,
  TIP_DATE DATE,
  TEAM_MEMBER STRING,
  CLIENT STRING,
  CLIENT_GENDER STRING,
  LOCATION STRING,
  TRANSACTION_TYPE STRING,
  TIP_CHANNEL STRING,
  PAYMENT_METHOD STRING,
  TIPS_COLLECTED NUMERIC,
  TIPS_REFUNDED NUMERIC,
  CLIENT_RETENTION_SOURCE STRING,
  CURRENCY_CODE STRING,
  _loaded_at TIMESTAMP
)
PARTITION BY TIP_DATE
CLUSTER BY TIP_ID, LOCATION_ID, TEAM_MEMBER_ID, CLIENT_ID;"
tips_stage,BASE TABLE,2026-02-15 22:28:39.717000 UTC,"CREATE TABLE `victims-of-ink-data-platform.voi_warehouse.tips_stage`
(
  TIP_ID INT64,
  SALE_ID INT64,
  SALE_NUMBER STRING,
  LOCATION_ID INT64,
  TEAM_MEMBER_ID INT64,
  CLIENT_ID INT64,
  TIP_DATE DATE,
  TEAM_MEMBER STRING,
  CLIENT STRING,
  CLIENT_GENDER STRING,
  LOCATION STRING,
  TRANSACTION_TYPE STRING,
  TIP_CHANNEL STRING,
  PAYMENT_METHOD STRING,
  TIPS_COLLECTED NUMERIC,
  TIPS_REFUNDED NUMERIC,
  CLIENT_RETENTION_SOURCE STRING,
  CURRENCY_CODE STRING
);"
wages,BASE TABLE,2026-02-15 22:28:40.820000 UTC,"CREATE TABLE `victims-of-ink-data-platform.voi_warehouse.wages`
(
  WAGE_PK STRING,
  LOCATION_ID INT64,
  TEAM_MEMBER_ID INT64,
  WAGE_DATE DATE,
  LOCATION STRING,
  TEAM_MEMBER STRING,
  PAID_BREAKS NUMERIC,
  UNPAID_BREAKS NUMERIC,
  REGULAR_PAID_HOURS NUMERIC,
  OVERTIME_PAID_HOURS NUMERIC,
  REGULAR_WAGE_AMOUNT NUMERIC,
  OVERTIME_WAGE_AMOUNT NUMERIC,
  HOURS_WORKED NUMERIC,
  TOTAL_PAID_HOURS NUMERIC,
  TOTAL_WAGES NUMERIC,
  _loaded_at TIMESTAMP
)
PARTITION BY WAGE_DATE
CLUSTER BY WAGE_PK, LOCATION_ID, TEAM_MEMBER_ID;"
wages_stage,BASE TABLE,2026-02-15 22:28:40.457000 UTC,"CREATE TABLE `victims-of-ink-data-platform.voi_warehouse.wages_stage`
(
  WAGE_PK STRING,
  LOCATION_ID INT64,
  TEAM_MEMBER_ID INT64,
  WAGE_DATE DATE,
  LOCATION STRING,
  TEAM_MEMBER STRING,
  PAID_BREAKS NUMERIC,
  UNPAID_BREAKS NUMERIC,
  REGULAR_PAID_HOURS NUMERIC,
  OVERTIME_PAID_HOURS NUMERIC,
  REGULAR_WAGE_AMOUNT NUMERIC,
  OVERTIME_WAGE_AMOUNT NUMERIC,
  HOURS_WORKED NUMERIC,
  TOTAL_PAID_HOURS NUMERIC,
  TOTAL_WAGES NUMERIC
);"
waitlist,BASE TABLE,2026-02-15 22:28:41.596000 UTC,"CREATE TABLE `victims-of-ink-data-platform.voi_warehouse.waitlist`
(
  WAITLIST_PK STRING,
  WAITLIST_REF STRING,
  LOCATION_ID INT64,
  APPOINTMENT_ID INT64,
  CLIENT_ID INT64,
  TEAM_MEMBER_ID INT64,
  SERVICE_ID INT64,
  CREATED_BY_TEAM_MEMBER_ID INT64,
  DELETED_BY_TEAM_MEMBER_ID INT64,
  FROM_DATE DATE,
  FROM_TIME TIME,
  TO_DATE DATE,
  TO_TIME TIME,
  CREATED_DATE TIMESTAMP,
  DELETED_DATE TIMESTAMP,
  LOCATION STRING,
  CLIENT STRING,
  CLIENT_PHONE_NUMBER STRING,
  IS_NEW_CLIENT BOOL,
  TEAM_MEMBER STRING,
  SERVICE_NAME STRING,
  CATEGORY_NAME STRING,
  WAITLIST_STATUS STRING,
  APPOINTMENT_CHANNEL STRING,
  APPOINTMENT_REF STRING,
  NOTE STRING,
  SKU STRING,
  CREATED_BY_TEAM_MEMBER STRING,
  DELETED_BY_TEAM_MEMBER STRING,
  SERVICE_DURATION INT64,
  SERVICE_PRICE NUMERIC,
  _loaded_at TIMESTAMP
)
PARTITION BY DATE(CREATED_DATE)
CLUSTER BY WAITLIST_PK, LOCATION_ID, TEAM_MEMBER_ID, CLIENT_ID;"
waitlist_stage,BASE TABLE,2026-02-15 22:28:41.118000 UTC,"CREATE TABLE `victims-of-ink-data-platform.voi_warehouse.waitlist_stage`
(
  WAITLIST_PK STRING,
  WAITLIST_REF STRING,
  LOCATION_ID INT64,
  APPOINTMENT_ID INT64,
  CLIENT_ID INT64,
  TEAM_MEMBER_ID INT64,
  SERVICE_ID INT64,
  CREATED_BY_TEAM_MEMBER_ID INT64,
  DELETED_BY_TEAM_MEMBER_ID INT64,
  FROM_DATE DATE,
  FROM_TIME TIME,
  TO_DATE DATE,
  TO_TIME TIME,
  CREATED_DATE TIMESTAMP,
  DELETED_DATE TIMESTAMP,
  LOCATION STRING,
  CLIENT STRING,
  CLIENT_PHONE_NUMBER STRING,
  IS_NEW_CLIENT BOOL,
  TEAM_MEMBER STRING,
  SERVICE_NAME STRING,
  CATEGORY_NAME STRING,
  WAITLIST_STATUS STRING,
  APPOINTMENT_CHANNEL STRING,
  APPOINTMENT_REF STRING,
  NOTE STRING,
  SKU STRING,
  CREATED_BY_TEAM_MEMBER STRING,
  DELETED_BY_TEAM_MEMBER STRING,
  SERVICE_DURATION INT64,
  SERVICE_PRICE NUMERIC
);"